{
    "NLG": {
        "MT(xx-en/fr)": {
            "datasets": {
                "flores - xx_en": {
                    "AfroLLaMa 8B": 10.04315789473684,
                    "LLaMAX3 8B": 34.1219298245614,
                    "LLaMa2 7b": 20.821228070175437,
                    "LLaMa3.1 70B": 36.23105263157895,
                    "LLaMa3.1 8B": 28.129649122807017,
                    "LLaMa3 8B": 27.951052631578957,
                    "Aya 101": 38.580526315789484,
                    "Gemma1.1 7b": 2.5542105263157895,
                    "Gemma2 27b": 33.02140350877193,
                    "Gemma2 9b": 31.604561403508768,
                    "Gemini 1.5 pro": 42.12859649122808,
                    "GPT-4o (Aug)": 41.43929824561405
                },
                "ntrex - xx_en": {
                    "AfroLLaMa 8B": 9.235833333333334,
                    "LLaMAX3 8B": 42.73583333333334,
                    "LLaMa2 7b": 22.92916666666667,
                    "LLaMa3.1 70B": 44.22875,
                    "LLaMa3.1 8B": 34.05916666666667,
                    "LLaMa3 8B": 28.307083333333328,
                    "Aya 101": 49.92166666666666,
                    "Gemma1.1 7b": 6.391666666666667,
                    "Gemma2 27b": 37.72833333333333,
                    "Gemma2 9b": 36.119166666666665,
                    "Gemini 1.5 pro": 48.16166666666666,
                    "GPT-4o (Aug)": 46.91791666666666
                },
                "salt - xx_en": {
                    "AfroLLaMa 8B": 2.6242857142857146,
                    "LLaMAX3 8B": 31.12857142857143,
                    "LLaMa2 7b": 18.904285714285717,
                    "LLaMa3.1 70B": 32.995714285714286,
                    "LLaMa3.1 8B": 28.92142857142857,
                    "LLaMa3 8B": 27.38285714285714,
                    "Aya 101": 31.917142857142856,
                    "Gemma1.1 7b": 0.8785714285714284,
                    "Gemma2 27b": 29.78142857142857,
                    "Gemma2 9b": 28.205714285714286,
                    "Gemini 1.5 pro": 38.35142857142857,
                    "GPT-4o (Aug)": 39.44857142857143
                },
                "mafand - xx_en": {
                    "AfroLLaMa 8B": 11.084285714285713,
                    "LLaMAX3 8B": 32.93571428571428,
                    "LLaMa2 7b": 22.257619047619045,
                    "Aya 101": 40.10809523809524,
                    "Gemma1.1 7b": 28.556190476190473,
                    "LLaMa3.1 70B": 33.87190476190475,
                    "LLaMa3 8B": 27.072857142857146,
                    "Gemma2 27b": 35.8352380952381,
                    "Gemma2 9b": 30.88238095238094,
                    "LLaMa3.1 8B": 17.48428571428571,
                    "Gemini 1.5 pro": 36.67666666666666,
                    "GPT-4o (Aug)": 34.38047619047619
                }
            }
        },
        "MT(en/fr-xx)": {
            "datasets": {
                "flores - en_xx": {
                    "AfroLLaMa 8B": 8.684736842105265,
                    "LLaMAX3 8B": 21.067894736842103,
                    "LLaMa2 7b": 10.000701754385961,
                    "LLaMa3.1 70B": 24.149473684210527,
                    "LLaMa3.1 8B": 1.5,
                    "LLaMa3 8B": 13.106315789473681,
                    "Aya 101": 24.008771929824565,
                    "Gemma1.1 7b": 8.227894736842105,
                    "Gemma2 27b": 33.02140350877193,
                    "Gemma2 9b": 31.604561403508768,
                    "Gemini 1.5 pro": 36.007368421052625,
                    "GPT-4o (Aug)": 32.129999999999995
                },
                "ntrex - en_xx": {
                    "AfroLLaMa 8B": 9.472083333333336,
                    "LLaMAX3 8B": 30.643333333333327,
                    "LLaMa2 7b": 12.854166666666666,
                    "LLaMa3.1 70B": 31.98708333333333,
                    "LLaMa3.1 8B": 20.445833333333336,
                    "LLaMa3 8B": 18.217083333333328,
                    "Aya 101": 34.37291666666666,
                    "Gemma1.1 7b": 11.995833333333335,
                    "Gemma2 27b": 29.545833333333334,
                    "Gemma2 9b": 22.997916666666665,
                    "Gemini 1.5 pro": 41.603333333333346,
                    "GPT-4o (Aug)": 40.25875
                },
                "salt - en_xx": {
                    "Gemma1.1 7b": 6.375714285714286,
                    "LLaMa2 7b": 6.957142857142856,
                    "LLaMa3 8B": 12.81142857142857,
                    "LLaMAX3 8B": 21.177142857142854,
                    "LLaMa3.1 8B": 12.694285714285714,
                    "AfroLLaMa 8B": 2.614285714285714,
                    "Gemma2 9b": 20.131428571428575,
                    "Aya 101": 21.78857142857143,
                    "Gemma2 27b": 24.62714285714286,
                    "LLaMa3.1 70B": 23.349999999999998,
                    "Gemini 1.5 pro": 36.318571428571424,
                    "GPT-4o (Aug)": 33.43285714285714
                },
                "mafand - en_xx": {
                    "AfroLLaMa 8B": 10.062380952380952,
                    "LLaMAX3 8B": 22.991904761904763,
                    "LLaMa2 7b": 16.318095238095236,
                    "Aya 101": 24.923809523809528,
                    "Gemma1.1 7b": 20.67238095238095,
                    "LLaMa3.1 70B": 27.14428571428571,
                    "LLaMa3 8B": 14.916190476190476,
                    "Gemma2 27b": 23.839523809523808,
                    "Gemma2 9b": 16.597142857142856,
                    "LLaMa3.1 8B": 13.314285714285715,
                    "Gemini 1.5 pro": 41.042857142857144,
                    "GPT-4o (Aug)": 40.97904761904762
                }
            }
        },
        "Diacritics": {
            "datasets": {
                "ADR": {
                    "AfroLLaMa 8B": 5.186,
                    "LLaMAX3 8B": 49.416000000000004,
                    "LLaMa2 7b": 30.357999999999997,
                    "LLaMa3.1 70B": 51.68000000000001,
                    "LLaMa3.1 8B": 25.887999999999998,
                    "LLaMa3 8B": 27.766000000000002,
                    "Aya 101": 50.37,
                    "Gemma1.1 7b": 50.824,
                    "Gemma2 27b": 55.114,
                    "Gemma2 9b": 51.622,
                    "Gemini 1.5 pro": 55.562,
                    "GPT-4o (Aug)": 54.888
                }
            }
        },
        "SUMM": {
            "datasets": {
                "xlsum": {
                    "AfroLLaMa 8B": 1.5,
                    "LLaMAX3 8B": 1.5,
                    "LLaMa2 7b": 1.5,
                    "LLaMa3.1 70B": 67.25583333333333,
                    "LLaMa3.1 8B": 1.5,
                    "LLaMa3 8B": 65.91416666666666,
                    "Aya 101": 1.5,
                    "Gemma1.1 7b": 1.5,
                    "Gemma2 27b": 66.125,
                    "Gemma2 9b": 65.86916666666666,
                    "Gemini 1.5 pro": 66.09333333333333,
                    "GPT-4o (Aug)": 65.89999999999999
                }
            }
        }
    },
    "QA": {
        "XQA": {
            "datasets": {
                "afriqa": {
                    "AfroLLaMa 8B": 21.807499999999997,
                    "LLaMAX3 8B": 2.15,
                    "LLaMa2 7b": 13.7025,
                    "LLaMa3.1 8B": 21.7525,
                    "LLaMa3 8B": 12.63625,
                    "Aya 101": 62.528749999999995,
                    "Gemma1.1 7b": 17.37375,
                    "Gemma2 27b": 50.51375,
                    "Gemma2 9b": 45.943749999999994,
                    "LLaMa3.1 70B": 43.995000000000005,
                    "Gemini 1.5 pro": 40.4525,
                    "GPT-4o (Aug)": 43.431250000000006
                }
            }
        },
        "RC": {
            "datasets": {
                "naijarc": {
                    "AfroLLaMa 8B": 26.22666666666667,
                    "LLaMAX3 8B": 31.930000000000003,